 [
    {
      "DESTINATION": "Hyderabad",
      "CITYID": 145710,
      "COUNTRY": "India",
      "STATEPROVINCECODE": "AP",
      "STATEPROVINCE": "Andra Pradesh",
      "COUNTRYCODE": "IN"
    },
    {
      "DESTINATION": "Mumbai",
      "CITYID": 144306,
      "COUNTRY": "India",
      "STATEPROVINCECODE": "MH",
      "STATEPROVINCE": "Maharashtra",
      "COUNTRYCODE": "IN"
    },
    {
      "DESTINATION": "Kadapa",
      "CITYID": 150397,
      "COUNTRY": "India",
      "STATEPROVINCECODE": "AP",
      "STATEPROVINCE": "Andra Pradesh",
      "COUNTRYCODE": "IN"
    },
    {
      "DESTINATION": "Kurnool",
      "CITYID": 103728,
      "COUNTRY": "India",
      "STATEPROVINCECODE": "AP",
      "STATEPROVINCE": "Andra Pradesh",
      "COUNTRYCODE": "IN"
    },
    {
      "DESTINATION": "Rajahmundry",
      "CITYID": 134040,
      "COUNTRY": "India",
      "STATEPROVINCECODE": "AP",
      "STATEPROVINCE": "Andra Pradesh",
      "COUNTRYCODE": "IN"
    },
    {
      "DESTINATION": "Tirupati",
      "CITYID": 140311,
      "COUNTRY": "India",
      "STATEPROVINCECODE": "AP",
      "STATEPROVINCE": "Andra Pradesh",
      "COUNTRYCODE": "IN"
    },
    {
      "DESTINATION": "Vijayawada",
      "CITYID": 148500,
      "COUNTRY": "India",
      "STATEPROVINCECODE": "AP",
      "STATEPROVINCE": "Andra Pradesh",
      "COUNTRYCODE": "IN"
    },
    {
      "DESTINATION": "Visakhapatnam",
      "CITYID": 142198,
      "COUNTRY": "India",
      "STATEPROVINCECODE": "AP",
      "STATEPROVINCE": "Andra Pradesh",
      "COUNTRYCODE": "IN"
    },
    {
      "DESTINATION": "Itanagar",
      "CITYID": 122732,
      "COUNTRY": "India",
      "STATEPROVINCECODE": "AP",
      "STATEPROVINCE": "Andra Pradesh",
      "COUNTRYCODE": "IN"
    },
    {
      "DESTINATION": "Dibrugarh",
      "CITYID": 115884,
      "COUNTRY": "India",
      "STATEPROVINCECODE": "AS",
      "STATEPROVINCE": "Assam",
      "COUNTRYCODE": "IN"
    },
    {
      "DESTINATION": "Guwahati",
      "CITYID": 121139,
      "COUNTRY": "India",
      "STATEPROVINCECODE": "AS",
      "STATEPROVINCE": "Assam",
      "COUNTRYCODE": "IN"
    },
    {
      "DESTINATION": "Jorhat",
      "CITYID": 122215,
      "COUNTRY": "India",
      "STATEPROVINCECODE": "AS",
      "STATEPROVINCE": "Assam",
      "COUNTRYCODE": "IN"
    },
    {
      "DESTINATION": "North Lakhimpur",
      "CITYID": 150162,
      "COUNTRY": "India",
      "STATEPROVINCECODE": "AS",
      "STATEPROVINCE": "Assam",
      "COUNTRYCODE": "IN"
    },
    {
      "DESTINATION": "Silchar",
      "CITYID": 150361,
      "COUNTRY": "India",
      "STATEPROVINCECODE": "AS",
      "STATEPROVINCE": "Assam",
      "COUNTRYCODE": "IN"
    },
    {
      "DESTINATION": "Tezpur ",
      "CITYID": 139069,
      "COUNTRY": "India",
      "STATEPROVINCECODE": "AS",
      "STATEPROVINCE": "Assam",
      "COUNTRYCODE": "IN"
    },
    {
      "DESTINATION": "Darbhanga",
      "CITYID": 105998,
      "COUNTRY": "India",
      "STATEPROVINCECODE": "BR",
      "STATEPROVINCE": "Bihar",
      "COUNTRYCODE": "IN"
    },
    {
      "DESTINATION": "Gaya",
      "CITYID": 119358,
      "COUNTRY": "India",
      "STATEPROVINCECODE": "BR",
      "STATEPROVINCE": "Bihar",
      "COUNTRYCODE": "IN"
    },
    {
      "DESTINATION": "Patna",
      "CITYID": 132429,
      "COUNTRY": "India",
      "STATEPROVINCECODE": "BR",
      "STATEPROVINCE": "Bihar",
      "COUNTRYCODE": "IN"
    },
    {
      "DESTINATION": "Bilaspur",
      "CITYID": 111574,
      "COUNTRY": "India",
      "STATEPROVINCECODE": "CT",
      "STATEPROVINCE": "Chhattisgarh",
      "COUNTRYCODE": "IN"
    },
    {
      "DESTINATION": "Jagdalpur",
      "CITYID": 150469,
      "COUNTRY": "India",
      "STATEPROVINCECODE": "CT",
      "STATEPROVINCE": "Chhattisgarh",
      "COUNTRYCODE": "IN"
    },
    {
      "DESTINATION": "Raipur",
      "CITYID": 133672,
      "COUNTRY": "India",
      "STATEPROVINCECODE": "CT",
      "STATEPROVINCE": "Chhattisgarh",
      "COUNTRYCODE": "IN"
    },
    {
      "DESTINATION": "Dabolim ",
      "CITYID": 116604,
      "COUNTRY": "India",
      "STATEPROVINCECODE": "GA",
      "STATEPROVINCE": "Goa",
      "COUNTRYCODE": "IN"
    },
    {
      "DESTINATION": "Ahmedabad",
      "CITYID": 100263,
      "COUNTRY": "India",
      "STATEPROVINCECODE": "GJ",
      "STATEPROVINCE": "Gujarat",
      "COUNTRYCODE": "IN"
    },
    {
      "DESTINATION": "Bhavnagar",
      "CITYID": 111485,
      "COUNTRY": "India",
      "STATEPROVINCECODE": "GJ",
      "STATEPROVINCE": "Gujarat",
      "COUNTRYCODE": "IN"
    },
    {
      "DESTINATION": "Bhuj ",
      "CITYID": 144230,
      "COUNTRY": "India",
      "STATEPROVINCECODE": "GJ",
      "STATEPROVINCE": "Gujarat",
      "COUNTRYCODE": "IN"
    },
    {
      "DESTINATION": "Jamnagar",
      "CITYID": 122329,
      "COUNTRY": "India",
      "STATEPROVINCECODE": "GJ",
      "STATEPROVINCE": "Gujarat",
      "COUNTRYCODE": "IN"
    },
    {
      "DESTINATION": "Junagadh",
      "CITYID": 105627,
      "COUNTRY": "India",
      "STATEPROVINCECODE": "GJ",
      "STATEPROVINCE": "Gujarat",
      "COUNTRYCODE": "IN"
    },
    {
      "DESTINATION": "Kandla",
      "CITYID": 141469,
      "COUNTRY": "India",
      "STATEPROVINCECODE": "GJ",
      "STATEPROVINCE": "Gujarat",
      "COUNTRYCODE": "IN"
    },
    {
      "DESTINATION": "Porbandar",
      "CITYID": 133551,
      "COUNTRY": "India",
      "STATEPROVINCECODE": "GJ",
      "STATEPROVINCE": "Gujarat",
      "COUNTRYCODE": "IN"
    },
    {
      "DESTINATION": "Rajkot",
      "CITYID": 134211,
      "COUNTRY": "India",
      "STATEPROVINCECODE": "GJ",
      "STATEPROVINCE": "Gujarat",
      "COUNTRYCODE": "IN"
    },
    {
      "DESTINATION": "Surat",
      "CITYID": 139526,
      "COUNTRY": "India",
      "STATEPROVINCECODE": "GJ",
      "STATEPROVINCE": "Gujarat",
      "COUNTRYCODE": "IN"
    },
    {
      "DESTINATION": "Vadodara",
      "CITYID": 141587,
      "COUNTRY": "India",
      "STATEPROVINCECODE": "GJ",
      "STATEPROVINCE": "Gujarat",
      "COUNTRYCODE": "IN"
    },
    {
      "DESTINATION": "Hisar",
      "CITYID": 105850,
      "COUNTRY": "India",
      "STATEPROVINCECODE": "HR",
      "STATEPROVINCE": "Haryana",
      "COUNTRYCODE": "IN"
    },
    {
      "DESTINATION": "Kangra",
      "CITYID": 122826,
      "COUNTRY": "India",
      "STATEPROVINCECODE": "HP",
      "STATEPROVINCE": "HIMACHAL PRADESH",
      "COUNTRYCODE": "IN"
    },
    {
      "DESTINATION": "Kullu",
      "CITYID": 146047,
      "COUNTRY": "India",
      "STATEPROVINCECODE": "HP",
      "STATEPROVINCE": "HIMACHAL PRADESH",
      "COUNTRYCODE": "IN"
    },
    {
      "DESTINATION": "Manali",
      "CITYID": 126388,
      "COUNTRY": "India",
      "STATEPROVINCECODE": "HP",
      "STATEPROVINCE": "HIMACHAL PRADESH",
      "COUNTRYCODE": "IN"
    },
    {
      "DESTINATION": "Shimla",
      "CITYID": 138673,
      "COUNTRY": "India",
      "STATEPROVINCECODE": "HP",
      "STATEPROVINCE": "HIMACHAL PRADESH",
      "COUNTRYCODE": "IN"
    },
    {
      "DESTINATION": "Deoghar",
      "CITYID": 105482,
      "COUNTRY": "India",
      "STATEPROVINCECODE": "JH",
      "STATEPROVINCE": "Jharkhand",
      "COUNTRYCODE": "IN"
    },
    {
      "DESTINATION": "Jamshedpur",
      "CITYID": 123422,
      "COUNTRY": "India",
      "STATEPROVINCECODE": "JH",
      "STATEPROVINCE": "Jharkhand",
      "COUNTRYCODE": "IN"
    },
    {
      "DESTINATION": "Rachi",
      "CITYID": 133760,
      "COUNTRY": "India",
      "STATEPROVINCECODE": "JH",
      "STATEPROVINCE": "Jharkhand",
      "COUNTRYCODE": "IN"
    },
    {
      "DESTINATION": "Belgavi",
      "CITYID": 111427,
      "COUNTRY": "India",
      "STATEPROVINCECODE": "KA",
      "STATEPROVINCE": "Karnataka",
      "COUNTRYCODE": "IN"
    },
    {
      "DESTINATION": "Ballari",
      "CITYID": 110483,
      "COUNTRY": "India",
      "STATEPROVINCECODE": "KA",
      "STATEPROVINCE": "Karnataka",
      "COUNTRYCODE": "IN"
    },
    {
      "DESTINATION": "Bengaluru",
      "CITYID": 111124,
      "COUNTRY": "India",
      "STATEPROVINCECODE": "KA",
      "STATEPROVINCE": "Karnataka",
      "COUNTRYCODE": "IN"
    },
    {
      "DESTINATION": "Hubballi",
      "CITYID": 150235,
      "COUNTRY": "India",
      "STATEPROVINCECODE": "KA",
      "STATEPROVINCE": "Karnataka",
      "COUNTRYCODE": "IN"
    },
    {
      "DESTINATION": "Mangaluru",
      "CITYID": 126805,
      "COUNTRY": "India",
      "STATEPROVINCECODE": "KA",
      "STATEPROVINCE": "Karnataka",
      "COUNTRYCODE": "IN"
    },
    {
      "DESTINATION": "Mysuru",
      "CITYID": 128698,
      "COUNTRY": "India",
      "STATEPROVINCECODE": "KA",
      "STATEPROVINCE": "Karnataka",
      "COUNTRYCODE": "IN"
    },
    {
      "DESTINATION": "Shivamogga",
      "CITYID": 147891,
      "COUNTRY": "India",
      "STATEPROVINCECODE": "KA",
      "STATEPROVINCE": "Karnataka",
      "COUNTRYCODE": "IN"
    },
    {
      "DESTINATION": "Kannur",
      "CITYID": 122522,
      "COUNTRY": "India",
      "STATEPROVINCECODE": "KL",
      "STATEPROVINCE": "Kerala",
      "COUNTRYCODE": "IN"
    },
    {
      "DESTINATION": "Kochi",
      "CITYID": 101204,
      "COUNTRY": "India",
      "STATEPROVINCECODE": "KL",
      "STATEPROVINCE": "Kerala",
      "COUNTRYCODE": "IN"
    },
    {
      "DESTINATION": "Kozhikode",
      "CITYID": 144475,
      "COUNTRY": "India",
      "STATEPROVINCECODE": "KL",
      "STATEPROVINCE": "Kerala",
      "COUNTRYCODE": "IN"
    },
    {
      "DESTINATION": "Thiruvananthapuram",
      "CITYID": 148901,
      "COUNTRY": "India",
      "STATEPROVINCECODE": "KL",
      "STATEPROVINCE": "Kerala",
      "COUNTRYCODE": "IN"
    },
    {
      "DESTINATION": "Trivandrum",
      "CITYID": 139820,
      "COUNTRY": "India",
      "STATEPROVINCECODE": "KL",
      "STATEPROVINCE": "Kerala",
      "COUNTRYCODE": "IN"
    },
    {
      "DESTINATION": "Bhopal",
      "CITYID": 111932,
      "COUNTRY": "India",
      "STATEPROVINCECODE": "MP",
      "STATEPROVINCE": "Madhya Pradesh",
      "COUNTRYCODE": "IN"
    },
    {
      "DESTINATION": "Gwalior",
      "CITYID": 120439,
      "COUNTRY": "India",
      "STATEPROVINCECODE": "MP",
      "STATEPROVINCE": "Madhya Pradesh",
      "COUNTRYCODE": "IN"
    },
    {
      "DESTINATION": "Indore",
      "CITYID": 121726,
      "COUNTRY": "India",
      "STATEPROVINCECODE": "MP",
      "STATEPROVINCE": "Madhya Pradesh",
      "COUNTRYCODE": "IN"
    },
    {
      "DESTINATION": "Jabalpur",
      "CITYID": 121509,
      "COUNTRY": "India",
      "STATEPROVINCECODE": "MP",
      "STATEPROVINCE": "Madhya Pradesh",
      "COUNTRYCODE": "IN"
    },
    {
      "DESTINATION": "Khajuraho",
      "CITYID": 122580,
      "COUNTRY": "India",
      "STATEPROVINCECODE": "MP",
      "STATEPROVINCE": "Madhya Pradesh",
      "COUNTRYCODE": "IN"
    },
    {
      "DESTINATION": "Akola",
      "CITYID": 100689,
      "COUNTRY": "India",
      "STATEPROVINCECODE": "MH",
      "STATEPROVINCE": "Maharashtra",
      "COUNTRYCODE": "IN"
    },
    {
      "DESTINATION": "Aurangabad",
      "CITYID": 100349,
      "COUNTRY": "India",
      "STATEPROVINCECODE": "MH",
      "STATEPROVINCE": "Maharashtra",
      "COUNTRYCODE": "IN"
    },
    {
      "DESTINATION": "Jalgaon",
      "CITYID": 122177,
      "COUNTRY": "India",
      "STATEPROVINCECODE": "MH",
      "STATEPROVINCE": "Maharashtra",
      "COUNTRYCODE": "IN"
    },
    {
      "DESTINATION": "Kolhapur",
      "CITYID": 123875,
      "COUNTRY": "India",
      "STATEPROVINCECODE": "MH",
      "STATEPROVINCE": "Maharashtra",
      "COUNTRYCODE": "IN"
    },
    {
      "DESTINATION": "Nagpur",
      "CITYID": 129723,
      "COUNTRY": "India",
      "STATEPROVINCECODE": "MH",
      "STATEPROVINCE": "Maharashtra",
      "COUNTRYCODE": "IN"
    },
    {
      "DESTINATION": "Nanded",
      "CITYID": 129732,
      "COUNTRY": "India",
      "STATEPROVINCECODE": "MH",
      "STATEPROVINCE": "Maharashtra",
      "COUNTRYCODE": "IN"
    },
    {
      "DESTINATION": "Nashik",
      "CITYID": 146814,
      "COUNTRY": "India",
      "STATEPROVINCECODE": "MH",
      "STATEPROVINCE": "Maharashtra",
      "COUNTRYCODE": "IN"
    },
    {
      "DESTINATION": "Pune",
      "CITYID": 133133,
      "COUNTRY": "India",
      "STATEPROVINCECODE": "MH",
      "STATEPROVINCE": "Maharashtra",
      "COUNTRYCODE": "IN"
    },
    {
      "DESTINATION": "Shirdi",
      "CITYID": 137316,
      "COUNTRY": "India",
      "STATEPROVINCECODE": "MH",
      "STATEPROVINCE": "Maharashtra",
      "COUNTRYCODE": "IN"
    },
    {
      "DESTINATION": "Solapur ",
      "CITYID": 138128,
      "COUNTRY": "India",
      "STATEPROVINCECODE": "MH",
      "STATEPROVINCE": "Maharashtra",
      "COUNTRYCODE": "IN"
    },
    {
      "DESTINATION": "Imphal",
      "CITYID": 122108,
      "COUNTRY": "India",
      "STATEPROVINCECODE": "MN",
      "STATEPROVINCE": "Manipur",
      "COUNTRYCODE": "IN"
    },
    {
      "DESTINATION": "Shillong",
      "CITYID": 138670,
      "COUNTRY": "India",
      "STATEPROVINCECODE": "ML",
      "STATEPROVINCE": "Manipur",
      "COUNTRYCODE": "IN"
    },
    {
      "DESTINATION": "Aizawl",
      "CITYID": 100273,
      "COUNTRY": "India",
      "STATEPROVINCECODE": "MZ",
      "STATEPROVINCE": "Mizoram",
      "COUNTRYCODE": "IN"
    },
    {
      "DESTINATION": "Dimapur",
      "CITYID": 115896,
      "COUNTRY": "India",
      "STATEPROVINCECODE": "NL",
      "STATEPROVINCE": "Nagaland",
      "COUNTRYCODE": "IN"
    },
    {
      "DESTINATION": "Bhubaneswar",
      "CITYID": 111558,
      "COUNTRY": "India",
      "STATEPROVINCECODE": "OR",
      "STATEPROVINCE": "Odisha",
      "COUNTRYCODE": "IN"
    },
    {
      "DESTINATION": "Rourkela",
      "CITYID": 134643,
      "COUNTRY": "India",
      "STATEPROVINCECODE": "OR",
      "STATEPROVINCE": "Odisha",
      "COUNTRYCODE": "IN"
    },
    {
      "DESTINATION": "Amritsar",
      "CITYID": 101129,
      "COUNTRY": "India",
      "STATEPROVINCECODE": "PB",
      "STATEPROVINCE": "Punjab",
      "COUNTRYCODE": "IN"
    },
    {
      "DESTINATION": "Jalandhar",
      "CITYID": 122327,
      "COUNTRY": "India",
      "STATEPROVINCECODE": "PB",
      "STATEPROVINCE": "Punjab",
      "COUNTRYCODE": "IN"
    },
    {
      "DESTINATION": "Ludhiana",
      "CITYID": 125928,
      "COUNTRY": "India",
      "STATEPROVINCECODE": "PB",
      "STATEPROVINCE": "Punjab",
      "COUNTRYCODE": "IN"
    },
    {
      "DESTINATION": "Pathankot ",
      "CITYID": 132705,
      "COUNTRY": "India",
      "STATEPROVINCECODE": "PB",
      "STATEPROVINCE": "Punjab",
      "COUNTRYCODE": "IN"
    },
    {
      "DESTINATION": "Ajmer",
      "CITYID": 100804,
      "COUNTRY": "India",
      "STATEPROVINCECODE": "RJ",
      "STATEPROVINCE": "Rajasthan",
      "COUNTRYCODE": "IN"
    },
    {
      "DESTINATION": "Bikaner",
      "CITYID": 144247,
      "COUNTRY": "India",
      "STATEPROVINCECODE": "RJ",
      "STATEPROVINCE": "Rajasthan",
      "COUNTRYCODE": "IN"
    },
    {
      "DESTINATION": "Jaipur",
      "CITYID": 122175,
      "COUNTRY": "India",
      "STATEPROVINCECODE": "RJ",
      "STATEPROVINCE": "Rajasthan",
      "COUNTRYCODE": "IN"
    },
    {
      "DESTINATION": "Jaisalmer",
      "CITYID": 122326,
      "COUNTRY": "India",
      "STATEPROVINCECODE": "RJ",
      "STATEPROVINCE": "Rajasthan",
      "COUNTRYCODE": "IN"
    },
    {
      "DESTINATION": "Jodhpur",
      "CITYID": 145836,
      "COUNTRY": "India",
      "STATEPROVINCECODE": "RJ",
      "STATEPROVINCE": "Rajasthan",
      "COUNTRYCODE": "IN"
    },
    {
      "DESTINATION": "Udaipur",
      "CITYID": 140522,
      "COUNTRY": "India",
      "STATEPROVINCECODE": "RJ",
      "STATEPROVINCE": "Rajasthan",
      "COUNTRYCODE": "IN"
    },
    {
      "DESTINATION": "Gangtok",
      "CITYID": 119221,
      "COUNTRY": "India",
      "STATEPROVINCECODE": "SK",
      "STATEPROVINCE": "Sikkim",
      "COUNTRYCODE": "IN"
    },
    {
      "DESTINATION": "Chennai",
      "CITYID": 127343,
      "COUNTRY": "India",
      "STATEPROVINCECODE": "TN",
      "STATEPROVINCE": "Tamil Nadu",
      "COUNTRYCODE": "IN"
    },
    {
      "DESTINATION": "Coimbatore",
      "CITYID": 144735,
      "COUNTRY": "India",
      "STATEPROVINCECODE": "TN",
      "STATEPROVINCE": "Tamil Nadu",
      "COUNTRYCODE": "IN"
    },
    {
      "DESTINATION": "Madurai",
      "CITYID": 127067,
      "COUNTRY": "India",
      "STATEPROVINCECODE": "TN",
      "STATEPROVINCE": "Tamil Nadu",
      "COUNTRYCODE": "IN"
    },
    {
      "DESTINATION": "Salem , India",
      "CITYID": 135916,
      "COUNTRY": "India",
      "STATEPROVINCECODE": "TN",
      "STATEPROVINCE": "Tamil Nadu",
      "COUNTRYCODE": "IN"
    },
    {
      "DESTINATION": "Thoothukkudi",
      "CITYID": 141231,
      "COUNTRY": "India",
      "STATEPROVINCECODE": "TN",
      "STATEPROVINCE": "Tamil Nadu",
      "COUNTRYCODE": "IN"
    },
    {
      "DESTINATION": "Tiruchirappalli",
      "CITYID": 148240,
      "COUNTRY": "India",
      "STATEPROVINCECODE": "TN",
      "STATEPROVINCE": "Tamil Nadu",
      "COUNTRYCODE": "IN"
    },
    {
      "DESTINATION": "Agartala",
      "CITYID": 100667,
      "COUNTRY": "India",
      "STATEPROVINCECODE": "TR",
      "STATEPROVINCE": "Tripura",
      "COUNTRYCODE": "IN"
    },
    {
      "DESTINATION": "Agra",
      "CITYID": 100589,
      "COUNTRY": "India",
      "STATEPROVINCECODE": "UP",
      "STATEPROVINCE": "Uttar Pradesh",
      "COUNTRYCODE": "IN"
    },
    {
      "DESTINATION": "Bareilly",
      "CITYID": 111009,
      "COUNTRY": "India",
      "STATEPROVINCECODE": "UP",
      "STATEPROVINCE": "Uttar Pradesh",
      "COUNTRYCODE": "IN"
    },
    {
      "DESTINATION": "Ghaziabad",
      "CITYID": 118973,
      "COUNTRY": "India",
      "STATEPROVINCECODE": "UP",
      "STATEPROVINCE": "Uttar Pradesh",
      "COUNTRYCODE": "IN"
    },
    {
      "DESTINATION": "Gorakhpur",
      "CITYID": 120371,
      "COUNTRY": "India",
      "STATEPROVINCECODE": "UP",
      "STATEPROVINCE": "Uttar Pradesh",
      "COUNTRYCODE": "IN"
    },
    {
      "DESTINATION": "Kanpur",
      "CITYID": 122932,
      "COUNTRY": "India",
      "STATEPROVINCECODE": "UP",
      "STATEPROVINCE": "Uttar Pradesh",
      "COUNTRYCODE": "IN"
    },
    {
      "DESTINATION": "Kushinagar",
      "CITYID": 124045,
      "COUNTRY": "India",
      "STATEPROVINCECODE": "UP",
      "STATEPROVINCE": "Uttar Pradesh",
      "COUNTRYCODE": "IN"
    },
    {
      "DESTINATION": "Lucknow",
      "CITYID": 126666,
      "COUNTRY": "India",
      "STATEPROVINCECODE": "UP",
      "STATEPROVINCE": "Uttar Pradesh",
      "COUNTRYCODE": "IN"
    },
    {
      "DESTINATION": "Allahabad",
      "CITYID": 100307,
      "COUNTRY": "India",
      "STATEPROVINCECODE": "UP",
      "STATEPROVINCE": "Uttar Pradesh",
      "COUNTRYCODE": "IN"
    },
    {
      "DESTINATION": "Varanasi",
      "CITYID": 141618,
      "COUNTRY": "India",
      "STATEPROVINCECODE": "UP",
      "STATEPROVINCE": "Uttar Pradesh",
      "COUNTRYCODE": "IN"
    },
    {
      "DESTINATION": "Dehradun",
      "CITYID": 116164,
      "COUNTRY": "India",
      "STATEPROVINCECODE": "UK",
      "STATEPROVINCE": "Uttarakhand",
      "COUNTRYCODE": "IN"
    },
    {
      "DESTINATION": "Pantnagar",
      "CITYID": 150800,
      "COUNTRY": "India",
      "STATEPROVINCECODE": "UK",
      "STATEPROVINCE": "Uttarakhand",
      "COUNTRYCODE": "IN"
    },
    {
      "DESTINATION": "Durgapur",
      "CITYID": 115958,
      "COUNTRY": "India",
      "STATEPROVINCECODE": "WB",
      "STATEPROVINCE": "West Bengal",
      "COUNTRYCODE": "IN"
    },
    {
      "DESTINATION": "Kolkata",
      "CITYID": 113128,
      "COUNTRY": "India",
      "STATEPROVINCECODE": "WB",
      "STATEPROVINCE": "West Bengal",
      "COUNTRYCODE": "IN"
    },
    {
      "DESTINATION": "Siliguri",
      "CITYID": 147912,
      "COUNTRY": "India",
      "STATEPROVINCECODE": "WB",
      "STATEPROVINCE": "West Bengal",
      "COUNTRYCODE": "IN"
    },
    {
      "DESTINATION": "Port Blair",
      "CITYID": 133556,
      "COUNTRY": "India",
      "STATEPROVINCECODE": "AN",
      "STATEPROVINCE": "Andaman & Nicobar",
      "COUNTRYCODE": "IN"
    },
    {
      "DESTINATION": "Chandigarh",
      "CITYID": 114107,
      "COUNTRY": "India",
      "STATEPROVINCECODE": "CH",
      "STATEPROVINCE": "Chandigarh",
      "COUNTRYCODE": "IN"
    },
    {
      "DESTINATION": "Diu",
      "CITYID": 115899,
      "COUNTRY": "India",
      "STATEPROVINCECODE": "GJ",
      "STATEPROVINCE": "Gujarat",
      "COUNTRYCODE": "IN"
    },
    {
      "DESTINATION": "Delhi",
      "CITYID": 130443,
      "COUNTRY": "India",
      "STATEPROVINCECODE": "DL",
      "STATEPROVINCE": "DELHI",
      "COUNTRYCODE": "IN"
    },
    {
      "DESTINATION": "Jammu",
      "CITYID": 121783,
      "COUNTRY": "India",
      "STATEPROVINCECODE": "JK",
      "STATEPROVINCE": "Jammu and Kashmir",
      "COUNTRYCODE": "IN"
    },
    {
      "DESTINATION": "Srinagar",
      "CITYID": 139456,
      "COUNTRY": "India",
      "STATEPROVINCECODE": "JK",
      "STATEPROVINCE": "Jammu and Kashmir",
      "COUNTRYCODE": "IN"
    },
    {
      "DESTINATION": "Leh",
      "CITYID": 125144,
      "COUNTRY": "India",
      "STATEPROVINCECODE": "JK",
      "STATEPROVINCE": "Jammu and Kashmir",
      "COUNTRYCODE": "IN"
    },
    {
      "DESTINATION": "Agatti Island",
      "CITYID": 100578,
      "COUNTRY": "India",
      "STATEPROVINCECODE": "LD",
      "STATEPROVINCE": "Lakshadweep",
      "COUNTRYCODE": "IN"
    },
    {
      "DESTINATION": "Puducherry",
      "CITYID": 132561,
      "COUNTRY": "India",
      "STATEPROVINCECODE": "TN",
      "STATEPROVINCE": "Tamil Nadu",
      "COUNTRYCODE": "IN"
    },
    {
      "DESTINATION": "Rajkot",
      "CITYID": 134211,
      "COUNTRY": "India",
      "STATEPROVINCECODE": "GJ",
      "STATEPROVINCE": "Gujarat",
      "COUNTRYCODE": "IN"
    },
    {
      "DESTINATION": "Atlanta, Georgia",
      "CITYID": 143983,
      "COUNTRY": "United States",
      "STATEPROVINCECODE": "GA",
      "STATEPROVINCE": "Georgia",
      "COUNTRYCODE": "US"
    },
    {
      "DESTINATION": "Dallas",
      "CITYID": 116034,
      "COUNTRY": "United States",
      "STATEPROVINCECODE": "GA",
      "STATEPROVINCE": "Georgia",
      "COUNTRYCODE": "US"
    },
    {
      "DESTINATION": "Denver , Colorado",
      "CITYID": 117340,
      "COUNTRY": "United States",
      "STATEPROVINCECODE": "CO",
      "STATEPROVINCE": "Colorado",
      "COUNTRYCODE": "US"
    },
    {
      "DESTINATION": "Chicago, Illinois",
      "CITYID": 114653,
      "COUNTRY": "United States",
      "STATEPROVINCECODE": "IL",
      "STATEPROVINCE": "Illinois",
      "COUNTRYCODE": "US"
    },
    {
      "DESTINATION": "Dubai",
      "CITYID": 115936,
      "COUNTRY": "United Arab Emirates",
      "COUNTRYCODE": "AE"
    },
    {
      "DESTINATION": "Los Angeles, California",
      "CITYID": 125908,
      "COUNTRY": "United States",
      "STATEPROVINCECODE": "CA",
      "STATEPROVINCE": "California",
      "COUNTRYCODE": "US"
    },
    {
      "DESTINATION": "Ataturk, Istanbul",
      "CITYID": 122727,
      "COUNTRY": "Turkey",
      "COUNTRYCODE": "TR"
    },
    {
      "DESTINATION": "Paris, France",
      "CITYID": 131408,
      "COUNTRY": "France",
      "COUNTRYCODE": "FR"
    },
    {
      "DESTINATION": "Las Vegas, Nevada",
      "CITYID": 125099,
      "COUNTRY": "United States",
      "STATEPROVINCECODE": "NV",
      "STATEPROVINCE": "Nevada",
      "COUNTRYCODE": "US"
    },
    {
      "DESTINATION": "Schiphol, Amsterdam",
      "CITYID": 136713,
      "COUNTRY": "Netherlands",
      "COUNTRYCODE": "NL"
    },
    {
      "DESTINATION": "Miami",
      "CITYID": 127628,
      "COUNTRY": "United States",
      "STATEPROVINCECODE": "AZ",
      "STATEPROVINCE": "Arizona",
      "COUNTRYCODE": "US"
    },
    {
      "DESTINATION": "Madrid",
      "CITYID": 126260,
      "COUNTRY": "Spain",
      "COUNTRYCODE": "ES"
    },
    {
      "DESTINATION": "Ota, Tokyo",
      "CITYID": 148251,
      "COUNTRY": "Japan",
      "COUNTRYCODE": "JP"
    },
    {
      "DESTINATION": "Orlando, Florida",
      "CITYID": 131943,
      "COUNTRY": "United States",
      "STATEPROVINCECODE": "FL",
      "STATEPROVINCE": "Florida",
      "COUNTRYCODE": "US"
    },
    {
      "DESTINATION": "Frankfurt, Hesse",
      "CITYID": 150455,
      "COUNTRY": "Germany",
      "COUNTRYCODE": "DE"
    },
    {
      "DESTINATION": "Toronto",
      "CITYID": 140333,
      "COUNTRY": "Canada",
      "STATEPROVINCECODE": "ON",
      "STATEPROVINCE": "Ontario",
      "COUNTRYCODE": "CA"
    },
    {
      "DESTINATION": "Doha",
      "CITYID": 116201,
      "COUNTRY": "Qatar",
      "COUNTRYCODE": "QA"
    },
    {
      "DESTINATION": "Bogota",
      "CITYID": 112438,
      "COUNTRY": "Colombia",
      "COUNTRYCODE": "CO"
    },
    {
      "DESTINATION": "Changi, East Region",
      "CITYID": 138703,
      "COUNTRY": "Singapore",
      "COUNTRYCODE": "SG"
    },
    {
      "DESTINATION": "Jeddah",
      "CITYID": 122187,
      "COUNTRY": "Saudi Arabia",
      "COUNTRYCODE": "SA"
    },
    {
      "DESTINATION": "Jeju City",
      "CITYID": 150233,
      "COUNTRY": "South Korea",
      "COUNTRYCODE": "KR"
    },
    {
      "DESTINATION": "Fiumicino, Rome Metro",
      "CITYID": 118571,
      "COUNTRY": "Italy",
      "COUNTRYCODE": "IT"
    },
    {
      "DESTINATION": "Sydney",
      "CITYID": 140258,
      "COUNTRY": "Australia",
      "STATEPROVINCECODE": "NSW",
      "STATEPROVINCE": "New South Wales",
      "COUNTRYCODE": "AU"
    },
    {
      "DESTINATION": "Bangkok",
      "CITYID": 144092,
      "COUNTRY": "Thailand",
      "COUNTRYCODE": "TH"
    },
    {
      "DESTINATION": "Beijing",
      "CITYID": 144154,
      "COUNTRY": "China",
      "COUNTRYCODE": "CN"
    },
    {
      "DESTINATION": "Hong Kong",
      "CITYID": 145656,
      "COUNTRY": "China",
      "STATEPROVINCECODE": "HK",
      "COUNTRYCODE": "CN"
    },
    {
      "DESTINATION": "Seoul ",
      "CITYID": 137364,
      "COUNTRY": "South Korea",
      "STATEPROVINCECODE": "KR",
      "COUNTRYCODE": "KR"
    },
    {
      "DESTINATION": "Barcelona",
      "CITYID": 110790,
      "COUNTRY": "Spain",
      "COUNTRYCODE": "ES"
    },
    {
      "DESTINATION": "Kuala Lumpur",
      "CITYID": 123768,
      "COUNTRY": "Malaysia",
      "COUNTRYCODE": "MY"
    },
    {
      "DESTINATION": "Milan",
      "CITYID": 127769,
      "COUNTRY": "Italy",
      "COUNTRYCODE": "IT"
    },
    {
      "DESTINATION": "Zurich",
      "CITYID": 142511,
      "COUNTRY": "Switzerland",
      "COUNTRYCODE": "CH"
    },
    {
      "DESTINATION": "Antalya",
      "CITYID": 109471,
      "COUNTRY": "Turkey",
      "COUNTRYCODE": "TR"
    },
    {
      "DESTINATION": "Narita , Tokyo",
      "CITYID": 128724,
      "COUNTRY": "Japan",
      "COUNTRYCODE": "JP"
    },
    {
      "DESTINATION": "Houston , Texas",
      "CITYID": 120751,
      "COUNTRY": "United States",
      "STATEPROVINCECODE": "TX",
      "STATEPROVINCE": "Texas",
      "COUNTRYCODE": "US"
    },
    {
      "DESTINATION": "London",
      "CITYID": 126632,
      "COUNTRY": "United Kingdom",
      "COUNTRYCODE": "GB"
    },
    {
      "DESTINATION": "Cancun, Quintana Roo",
      "CITYID": 113162,
      "COUNTRY": "Mexico",
      "COUNTRYCODE": "MX"
    },
    {
      "DESTINATION": "Munich",
      "CITYID": 146774,
      "COUNTRY": "Germany",
      "COUNTRYCODE": "DE"
    },
    {
      "DESTINATION": "San Francisco",
      "CITYID": 136014,
      "COUNTRY": "United States",
      "STATEPROVINCECODE": "CA",
      "STATEPROVINCE": "California",
      "COUNTRYCODE": "US"
    },
    {
      "DESTINATION": "Moscow",
      "CITYID": 146743,
      "COUNTRY": "Russia",
      "COUNTRYCODE": "RU"
    },
    {
      "DESTINATION": "Jakarta",
      "CITYID": 122069,
      "COUNTRY": "Indonesia",
      "COUNTRYCODE": "ID"
    },
    {
      "DESTINATION": "Seattle, Washington",
      "CITYID": 137938,
      "COUNTRY": "United States",
      "STATEPROVINCECODE": "WA",
      "STATEPROVINCE": "Washington",
      "COUNTRYCODE": "US"
    },
    {
      "DESTINATION": "Newark , New York",
      "CITYID": 130428,
      "COUNTRY": "United States",
      "STATEPROVINCECODE": "NY",
      "STATEPROVINCE": "New York",
      "COUNTRYCODE": "US"
    },
    {
      "DESTINATION": "Taoyuan City",
      "CITYID": 139021,
      "COUNTRY": "Taiwan",
      "COUNTRYCODE": "TW"
    },
    {
      "DESTINATION": "Athens",
      "CITYID": 110000,
      "COUNTRY": "Greece",
      "COUNTRYCODE": "GR"
    },
    {
      "DESTINATION": "Geneva",
      "CITYID": 118434,
      "COUNTRY": "Switzerland",
      "COUNTRYCODE": "CH"
    },
    {
      "DESTINATION": "Melbourne",
      "CITYID": 127718,
      "COUNTRY": "Australia",
      "STATEPROVINCECODE": "VIC",
      "STATEPROVINCE": "Victoria",
      "COUNTRYCODE": "AU"
    },
    {
      "DESTINATION": "Kathmandu",
      "CITYID": 145898,
      "COUNTRY": "Nepal",
      "COUNTRYCODE": "NP"
    },
    {
      "DESTINATION": "Ho Chi Minh City",
      "CITYID": 121921,
      "COUNTRY": "Vietnam",
      "COUNTRYCODE": "VN"
    },
    {
      "DESTINATION": "Dhaka",
      "CITYID": 115879,
      "COUNTRY": "Bangladesh",
      "COUNTRYCODE": "BD"
    },
    {
      "DESTINATION": "Cairo",
      "CITYID": 113116,
      "COUNTRY": "Egypt",
      "COUNTRYCODE": "EG"
    },
    {
      "DESTINATION": "Manila",
      "CITYID": 127116,
      "COUNTRY": "Philippines",
      "COUNTRYCODE": "PH"
    },
    {
      "DESTINATION": "Colombo",
      "CITYID": 144745,
      "COUNTRY": "Sri Lanka",
      "COUNTRYCODE": "LK"
    },
    {
      "DESTINATION": "Paro",
      "CITYID": 132694,
      "COUNTRY": "Bhutan",
      "COUNTRYCODE": "BT"
    },
    {
      "DESTINATION": "Hulhule Island",
      "CITYID": 122641,
      "COUNTRY": "Maldives",
      "COUNTRYCODE": "MV"
    },
    {
      "DESTINATION": "Havana",
      "CITYID": 119977,
      "COUNTRY": "Cuba",
      "COUNTRYCODE": "CU"
    },
    {
      "DESTINATION": "Helsinki",
      "CITYID": 120663,
      "COUNTRY": "Finland",
      "COUNTRYCODE": "FI"
    },
    {
      "DESTINATION": "Moscow",
      "CITYID": 146743,
      "COUNTRY": "Russia",
      "COUNTRYCODE": "RU"
    },
    {
      "DESTINATION": "Vnukovo district, Moscow",
      "CITYID": 107581,
      "COUNTRY": "Russia",
      "COUNTRYCODE": "RU"
    },
    {
      "DESTINATION": "Vancouver",
      "CITYID": 141448,
      "COUNTRY": "Canada",
      "STATEPROVINCECODE": "BC",
      "STATEPROVINCE": "British Columbia",
      "COUNTRYCODE": "CA"
    },
    {
      "DESTINATION": "Calgary , Alberta",
      "CITYID": 113135,
      "COUNTRY": "Canada",
      "STATEPROVINCECODE": "AB",
      "STATEPROVINCE": "Alberta",
      "COUNTRYCODE": "CA"
    },
    {
      "DESTINATION": "Guangzhou",
      "CITYID": 112825,
      "COUNTRY": "China",
      "COUNTRYCODE": "CN"
    },
    {
      "DESTINATION": "Chengdu",
      "CITYID": 114784,
      "COUNTRY": "China",
      "COUNTRYCODE": "CN"
    },
    {
      "DESTINATION": "Bali",
      "CITYID": 110670,
      "COUNTRY": "Indonesia",
      "COUNTRYCODE": "ID"
    },
    {
      "DESTINATION": "Sao Paulo",
      "CITYID": 136873,
      "COUNTRY": "Brazil",
      "COUNTRYCODE": "BR"
    },
    {
      "DESTINATION": "Nuuk",
      "CITYID": 148960,
      "COUNTRY": "Greenland",
      "COUNTRYCODE": "GL"
    },
    {
      "DESTINATION": "Dammam",
      "CITYID": 116137,
      "COUNTRY": "Saudi Arabia",
      "COUNTRYCODE": "SA"
    },
    {
      "DESTINATION": "Tehran",
      "CITYID": 139706,
      "COUNTRY": "Iran",
      "COUNTRYCODE": "IR"
    },
    {
      "DESTINATION": "Callao",
      "CITYID": 112784,
      "COUNTRY": "Peru",
      "COUNTRYCODE": "PE"
    },
    {
      "DESTINATION": "Copenhagen",
      "CITYID": 115280,
      "COUNTRY": "Denmark",
      "COUNTRYCODE": "DK"
    },
    {
      "DESTINATION": "Santiago",
      "CITYID": 136528,
      "COUNTRY": "Chile",
      "COUNTRYCODE": "CL"
    },
    {
      "DESTINATION": "Kabul",
      "CITYID": 122379,
      "COUNTRY": "Afghanistan",
      "COUNTRYCODE": "AF"
    },
    {
      "DESTINATION": "Casablanca",
      "CITYID": 114032,
      "COUNTRY": "Morocco",
      "COUNTRYCODE": "MA"
    },
    {
      "DESTINATION": "Oslo",
      "CITYID": 131314,
      "COUNTRY": "Norway",
      "COUNTRYCODE": "NO"
    },
    {
      "DESTINATION": "Muscat",
      "CITYID": 146788,
      "COUNTRY": "Oman",
      "COUNTRYCODE": "OM"
    },
    {
      "DESTINATION": "Vientiane",
      "CITYID": 142579,
      "COUNTRY": "Laos",
      "COUNTRYCODE": "LA"
    },
    {
      "DESTINATION": "Damascus",
      "CITYID": 115183,
      "COUNTRY": "Syria",
      "COUNTRYCODE": "SY"
    },
    {
      "DESTINATION": "Abu Dhabi",
      "CITYID": 100765,
      "COUNTRY": "United Arab Emirates",
      "COUNTRYCODE": "AE"
    },
    {
      "DESTINATION": "Sharjah",
      "CITYID": 137741,
      "COUNTRY": "United Arab Emirates",
      "COUNTRYCODE": "AE"
    },
    {
      "DESTINATION": "Mazar-i-Sharif",
      "CITYID": 150377,
      "COUNTRY": "Afghanistan",
      "COUNTRYCODE": "AF"
    },
    {
      "DESTINATION": "Tirana",
      "CITYID": 140445,
      "COUNTRY": "Albania",
      "COUNTRYCODE": "AL"
    },
    {
      "DESTINATION": "Buenos Aires",
      "CITYID": 112153,
      "COUNTRY": "Argentina",
      "COUNTRYCODE": "AR"
    },
    {
      "DESTINATION": "Yerevan",
      "CITYID": 143896,
      "COUNTRY": "Armenia",
      "COUNTRYCODE": "AM"
    },
    {
      "DESTINATION": "Vienna",
      "CITYID": 140888,
      "COUNTRY": "Austria",
      "COUNTRYCODE": "AT"
    },
    {
      "DESTINATION": "Baku",
      "CITYID": 110755,
      "COUNTRY": "Azerbaijan",
      "COUNTRYCODE": "AZ"
    },
    {
      "DESTINATION": "Ganja",
      "CITYID": 145309,
      "COUNTRY": "Azerbaijan",
      "COUNTRYCODE": "AZ"
    },
    {
      "DESTINATION": "Muharraq",
      "CITYID": 128566,
      "COUNTRY": "Bahrain",
      "COUNTRYCODE": "BH"
    },
    {
      "DESTINATION": "Brussels",
      "CITYID": 113060,
      "COUNTRY": "Belgium",
      "COUNTRYCODE": "BE"
    },
    {
      "DESTINATION": "Antwerp",
      "CITYID": 109358,
      "COUNTRY": "Belgium",
      "COUNTRYCODE": "BE"
    },
    {
      "DESTINATION": "Bandar Seri Begawan",
      "CITYID": 110772,
      "COUNTRY": "Brunei Darussalam",
      "COUNTRYCODE": "BN"
    },
    {
      "DESTINATION": "Siem Reap",
      "CITYID": 137759,
      "COUNTRY": "Cambodia",
      "COUNTRYCODE": "KH"
    },
    {
      "DESTINATION": "Sihanoukville City",
      "CITYID": 150278,
      "COUNTRY": "Cambodia",
      "COUNTRYCODE": "KH"
    },
    {
      "DESTINATION": "Larnaca",
      "CITYID": 124539,
      "COUNTRY": "Cyprus",
      "COUNTRYCODE": "CY"
    },
    {
      "DESTINATION": "Paphos",
      "CITYID": 147094,
      "COUNTRY": "Cyprus",
      "COUNTRYCODE": "CY"
    },
    {
      "DESTINATION": "Kutaisi",
      "CITYID": 123786,
      "COUNTRY": "Georgia",
      "COUNTRYCODE": "GE"
    },
    {
      "DESTINATION": "Batumi",
      "CITYID": 111040,
      "COUNTRY": "Georgia",
      "COUNTRYCODE": "GE"
    },
    {
      "DESTINATION": "Makassar",
      "CITYID": 126937,
      "COUNTRY": "Indonesia",
      "COUNTRYCODE": "ID"
    },
    {
      "DESTINATION": "Mashhad",
      "CITYID": 127021,
      "COUNTRY": "Iran",
      "COUNTRYCODE": "IR"
    },
    {
      "DESTINATION": "Basra",
      "CITYID": 110878,
      "COUNTRY": "Iraq",
      "COUNTRYCODE": "IQ"
    },
    {
      "DESTINATION": "Erbil",
      "CITYID": 151818,
      "COUNTRY": "Iraq",
      "COUNTRYCODE": "IQ"
    },
    {
      "DESTINATION": "Osaka",
      "CITYID": 130813,
      "COUNTRY": "Japan",
      "COUNTRYCODE": "JP"
    },
    {
      "DESTINATION": "Aqaba",
      "CITYID": 149864,
      "COUNTRY": "Jordan",
      "COUNTRYCODE": "JO"
    },
    {
      "DESTINATION": "Kuwait City",
      "CITYID": 123359,
      "COUNTRY": "Kuwait",
      "COUNTRYCODE": "KW"
    },
    {
      "DESTINATION": "Bishkek",
      "CITYID": 112191,
      "COUNTRY": "Kyrgyzstan",
      "COUNTRYCODE": "KG"
    },
    {
      "DESTINATION": "Luang Prabang",
      "CITYID": 126214,
      "COUNTRY": "Laos",
      "COUNTRYCODE": "LA"
    },
    {
      "DESTINATION": "Pakse",
      "CITYID": 132024,
      "COUNTRY": "Laos",
      "COUNTRYCODE": "LA"
    },
    {
      "DESTINATION": "Beirut",
      "CITYID": 110925,
      "COUNTRY": "Lebanon",
      "COUNTRYCODE": "LB"
    },
    {
      "DESTINATION": "Penang Island",
      "CITYID": 132119,
      "COUNTRY": "Malaysia",
      "COUNTRYCODE": "MY"
    },
    {
      "DESTINATION": "Sarawak",
      "CITYID": 14774,
      "COUNTRY": "Malaysia",
      "COUNTRYCODE": "MY"
    },
    {
      "DESTINATION": "Hanimaadhoo",
      "CITYID": 119960,
      "COUNTRY": "Maldives",
      "COUNTRYCODE": "MV"
    },
    {
      "DESTINATION": "Maafaru",
      "CITYID": 126740,
      "COUNTRY": "Maldives",
      "COUNTRYCODE": "MV"
    },
    {
      "DESTINATION": "Ulaanbaatar",
      "CITYID": 141090,
      "COUNTRY": "Mongolia",
      "COUNTRYCODE": "MN"
    },
    {
      "DESTINATION": "Mandalay, Tada-U",
      "CITYID": 127416,
      "COUNTRY": "Myanmar",
      "COUNTRYCODE": "MM"
    },
    {
      "DESTINATION": "Nay Pyi Taw",
      "CITYID": 129180,
      "COUNTRY": "Myanmar",
      "COUNTRYCODE": "MM"
    },
    {
      "DESTINATION": "Pyongyang",
      "CITYID": 151736,
      "COUNTRY": "North Korea",
      "COUNTRYCODE": "KP"
    },
    {
      "DESTINATION": "Salalah Costal Plain, Dhofar",
      "CITYID": 135316,
      "COUNTRY": "Oman",
      "COUNTRYCODE": "OM"
    },
    {
      "DESTINATION": "Karachi",
      "CITYID": 122265,
      "COUNTRY": "Pakistan",
      "COUNTRYCODE": "PK"
    },
    {
      "DESTINATION": "Islamabad",
      "CITYID": 122041,
      "COUNTRY": "Pakistan",
      "COUNTRYCODE": "PK"
    },
    {
      "DESTINATION": "Lahore",
      "CITYID": 125176,
      "COUNTRY": "Pakistan",
      "COUNTRYCODE": "PK"
    },
    {
      "DESTINATION": "Davao City",
      "CITYID": 115638,
      "COUNTRY": "Philippines",
      "COUNTRYCODE": "PH"
    },
    {
      "DESTINATION": "Cebu",
      "CITYID": 114570,
      "COUNTRY": "Philippines",
      "COUNTRYCODE": "PH"
    },
    {
      "DESTINATION": "Riyadh",
      "CITYID": 147536,
      "COUNTRY": "Saudi Arabia",
      "COUNTRYCODE": "SA"
    },
    {
      "DESTINATION": "Daegu",
      "CITYID": 116031,
      "COUNTRY": "South Korea",
      "COUNTRYCODE": "KR"
    },
    {
      "DESTINATION": "Cheongju",
      "CITYID": 113709,
      "COUNTRY": "South Korea",
      "COUNTRYCODE": "KR"
    },
    {
      "DESTINATION": "Colombo",
      "CITYID": 144745,
      "COUNTRY": "Sri Lanka",
      "COUNTRYCODE": "LK"
    },
    {
      "DESTINATION": "Hambantota",
      "CITYID": 121168,
      "COUNTRY": "Sri Lanka",
      "COUNTRYCODE": "LK"
    },
    {
      "DESTINATION": "Jaffna",
      "CITYID": 123417,
      "COUNTRY": "Sri Lanka",
      "COUNTRYCODE": "LK"
    },
    {
      "DESTINATION": "Batticaloa",
      "CITYID": 150556,
      "COUNTRY": "Sri Lanka",
      "COUNTRYCODE": "LK"
    },
    {
      "DESTINATION": "Aleppo",
      "CITYID": 100181,
      "COUNTRY": "Syria",
      "COUNTRYCODE": "SY"
    },
    {
      "DESTINATION": "Kaohsiung",
      "CITYID": 122258,
      "COUNTRY": "Taiwan",
      "COUNTRYCODE": "TW"
    },
    {
      "DESTINATION": "Taichung",
      "CITYID": 139004,
      "COUNTRY": "Taiwan",
      "COUNTRYCODE": "TW"
    },
    {
      "DESTINATION": "Dushanbe",
      "CITYID": 149953,
      "COUNTRY": "Tajikistan",
      "COUNTRYCODE": "TJ"
    },
    {
      "DESTINATION": "Khujand",
      "CITYID": 149955,
      "COUNTRY": "Tajikistan",
      "COUNTRYCODE": "TJ"
    },
    {
      "DESTINATION": "Kulob",
      "CITYID": 149952,
      "COUNTRY": "Tajikistan",
      "COUNTRYCODE": "TJ"
    },
    {
      "DESTINATION": "Ko Samui",
      "CITYID": 123732,
      "COUNTRY": "Thailand",
      "COUNTRYCODE": "TH"
    },
    {
      "DESTINATION": "Bangkok",
      "CITYID": 144092,
      "COUNTRY": "Thailand",
      "COUNTRYCODE": "TH"
    },
    {
      "DESTINATION": "Phuket",
      "CITYID": 131529,
      "COUNTRY": "Thailand",
      "COUNTRYCODE": "TH"
    },
    {
      "DESTINATION": "Hat Yai",
      "CITYID": 120873,
      "COUNTRY": "Thailand",
      "COUNTRYCODE": "TH"
    },
    {
      "DESTINATION": "Chiang Mai",
      "CITYID": 114978,
      "COUNTRY": "Thailand",
      "COUNTRYCODE": "TH"
    },
    {
      "DESTINATION": "Chiang Rai",
      "CITYID": 114979,
      "COUNTRY": "Thailand",
      "COUNTRYCODE": "TH"
    },
    {
      "DESTINATION": "Dili",
      "CITYID": 116656,
      "COUNTRY": "Timor-Leste",
      "COUNTRYCODE": "TL"
    },
    {
      "DESTINATION": "Oran",
      "CITYID": 130789,
      "COUNTRY": "Algeria",
      "COUNTRYCODE": "DZ"
    },
    {
      "DESTINATION": "Constantine",
      "CITYID": 115277,
      "COUNTRY": "Algeria",
      "COUNTRYCODE": "DZ"
    },
    {
      "DESTINATION": "Hurghada",
      "CITYID": 121580,
      "COUNTRY": "Egypt",
      "COUNTRYCODE": "EG"
    },
    {
      "DESTINATION": "Sharm El Sheikh",
      "CITYID": 136797,
      "COUNTRY": "Egypt",
      "COUNTRYCODE": "EG"
    },
    {
      "DESTINATION": "Alexandria",
      "CITYID": 100103,
      "COUNTRY": "Egypt",
      "COUNTRYCODE": "EG"
    },
    {
      "DESTINATION": "Luxor",
      "CITYID": 125658,
      "COUNTRY": "Egypt",
      "COUNTRYCODE": "EG"
    },
    {
      "DESTINATION": "Addis Ababa , Bole",
      "CITYID": 105061,
      "COUNTRY": "Ethiopia",
      "COUNTRYCODE": "ET"
    },
    {
      "DESTINATION": "Axum, Tigray",
      "CITYID": 149594,
      "COUNTRY": "Ethiopia",
      "COUNTRYCODE": "ET"
    },
    {
      "DESTINATION": "Bahir Dar ,Amhara",
      "CITYID": 110745,
      "COUNTRY": "Ethiopia",
      "COUNTRYCODE": "ET"
    },
    {
      "DESTINATION": "Conakry",
      "CITYID": 144754,
      "COUNTRY": "Guinea",
      "COUNTRYCODE": "GN"
    },
    {
      "DESTINATION": "Monrovia",
      "CITYID": 128655,
      "COUNTRY": "Liberia",
      "COUNTRYCODE": "LR"
    },
    {
      "DESTINATION": "Nador",
      "CITYID": 129251,
      "COUNTRY": "Morocco",
      "COUNTRYCODE": "MA"
    },
    {
      "DESTINATION": "Essaouira",
      "CITYID": 117517,
      "COUNTRY": "Morocco",
      "COUNTRYCODE": "MA"
    },
    {
      "DESTINATION": "Marrakesh",
      "CITYID": 127469,
      "COUNTRY": "Morocco",
      "COUNTRYCODE": "MA"
    },
    {
      "DESTINATION": "Tambacounda",
      "CITYID": 149520,
      "COUNTRY": "Senegal",
      "COUNTRYCODE": "SN"
    },
    {
      "DESTINATION": "Ziguinchor",
      "CITYID": 143847,
      "COUNTRY": "Senegal",
      "COUNTRYCODE": "SN"
    },
    {
      "DESTINATION": "Dakar",
      "CITYID": 144849,
      "COUNTRY": "Senegal",
      "COUNTRYCODE": "SN"
    },
    {
      "DESTINATION": "Tunis",
      "CITYID": 100244,
      "COUNTRY": "Tunisia",
      "COUNTRYCODE": "TN"
    },
    {
      "DESTINATION": "Monastir",
      "CITYID": 128905,
      "COUNTRY": "Tunisia",
      "COUNTRYCODE": "TN"
    },
    {
      "DESTINATION": "Djerba",
      "CITYID": 116361,
      "COUNTRY": "Tunisia",
      "COUNTRYCODE": "TN"
    },
    {
      "DESTINATION": "Hammamet",
      "CITYID": 145524,
      "COUNTRY": "Tunisia",
      "COUNTRYCODE": "TN"
    },
    {
      "DESTINATION": "Tozeur",
      "CITYID": 141768,
      "COUNTRY": "Tunisia",
      "COUNTRYCODE": "TN"
    },
    {
      "DESTINATION": "Sfax",
      "CITYID": 136787,
      "COUNTRY": "Tunisia",
      "COUNTRYCODE": "TN"
    },
    {
      "DESTINATION": "Gafsa",
      "CITYID": 118661,
      "COUNTRY": "Tunisia",
      "COUNTRYCODE": "TN"
    },
    {
      "DESTINATION": "Tabarka",
      "CITYID": 140266,
      "COUNTRY": "Tunisia",
      "COUNTRYCODE": "TN"
    },
    {
      "DESTINATION": "Chongwe District , Lusaka",
      "CITYID": 126681,
      "COUNTRY": "Zambia",
      "COUNTRYCODE": "ZM"
    },
    {
      "DESTINATION": "Livingstone",
      "CITYID": 125481,
      "COUNTRY": "Zambia",
      "COUNTRYCODE": "ZM"
    },
    {
      "DESTINATION": "Mfuwe",
      "CITYID": 127185,
      "COUNTRY": "Zambia",
      "COUNTRYCODE": "ZM"
    },
    {
      "DESTINATION": "Ndola",
      "CITYID": 128739,
      "COUNTRY": "Zambia",
      "COUNTRYCODE": "ZM"
    },
    {
      "DESTINATION": "Luanda",
      "CITYID": 126213,
      "COUNTRY": "Angola",
      "COUNTRYCODE": "AO"
    },
    {
      "DESTINATION": "Soyo",
      "CITYID": 151588,
      "COUNTRY": "Angola",
      "COUNTRYCODE": "AO"
    },
    {
      "DESTINATION": "Gaborone",
      "CITYID": 119049,
      "COUNTRY": "Botswana",
      "COUNTRYCODE": "BW"
    },
    {
      "DESTINATION": "Maun",
      "CITYID": 128160,
      "COUNTRY": "Botswana",
      "COUNTRYCODE": "BW"
    },
    {
      "DESTINATION": "Kasane",
      "CITYID": 122535,
      "COUNTRY": "Botswana",
      "COUNTRYCODE": "BW"
    },
    {
      "DESTINATION": "Francistown",
      "CITYID": 145254,
      "COUNTRY": "Botswana",
      "COUNTRYCODE": "BW"
    },
    {
      "DESTINATION": "Ouagadougou",
      "CITYID": 147041,
      "COUNTRY": "Burkina Faso",
      "COUNTRYCODE": "BF"
    },
    {
      "DESTINATION": "Bobo Dioulasso",
      "CITYID": 151065,
      "COUNTRY": "Burkina Faso",
      "COUNTRYCODE": "BF"
    },
    {
      "DESTINATION": "Bujumbura",
      "CITYID": 113441,
      "COUNTRY": "Burundi",
      "COUNTRYCODE": "BI"
    },
    {
      "DESTINATION": "Douala",
      "CITYID": 144960,
      "COUNTRY": "Cameroon",
      "COUNTRYCODE": "CM"
    },
    {
      "DESTINATION": "Garoua",
      "CITYID": 149662,
      "COUNTRY": "Cameroon",
      "COUNTRYCODE": "CM"
    },
    {
      "DESTINATION": "Yaounde",
      "CITYID": 143797,
      "COUNTRY": "Cameroon",
      "COUNTRYCODE": "CM"
    },
    {
      "DESTINATION": "Espargos",
      "CITYID": 117255,
      "COUNTRY": "Cape Verde",
      "COUNTRYCODE": "CV"
    },
    {
      "DESTINATION": "Santiago Island",
      "CITYID": 136389,
      "COUNTRY": "Cape Verde",
      "COUNTRYCODE": "CV"
    },
    {
      "DESTINATION": "Bangui",
      "CITYID": 110989,
      "COUNTRY": "Central African Republic",
      "COUNTRYCODE": "CF"
    },
    {
      "DESTINATION": "N'Djamena ",
      "CITYID": 146827,
      "COUNTRY": "Chad",
      "COUNTRYCODE": "TD"
    },
    {
      "DESTINATION": "Moroni",
      "CITYID": 129631,
      "COUNTRY": "Comoros",
      "COUNTRYCODE": "KM"
    },
    {
      "DESTINATION": "Abidjan",
      "CITYID": 100759,
      "COUNTRY": "Ivory Coast",
      "COUNTRYCODE": "CI"
    },
    {
      "DESTINATION": "Kisangani",
      "CITYID": 151777,
      "COUNTRY": "Congo (Rep. Dem.)",
      "COUNTRYCODE": "CD"
    },
    {
      "DESTINATION": "Lubumbashi",
      "CITYID": 125639,
      "COUNTRY": "Congo (Rep. Dem.)",
      "COUNTRYCODE": "CD"
    },
    {
      "DESTINATION": "Kinshasa",
      "CITYID": 123174,
      "COUNTRY": "Congo (Rep. Dem.)",
      "COUNTRYCODE": "CD"
    },
    {
      "DESTINATION": "Asmara",
      "CITYID": 110320,
      "COUNTRY": "Eritrea",
      "COUNTRYCODE": "ER"
    },
    {
      "DESTINATION": "Libreville",
      "CITYID": 125836,
      "COUNTRY": "Gabon",
      "COUNTRYCODE": "GA"
    },
    {
      "DESTINATION": "Franceville",
      "CITYID": 148923,
      "COUNTRY": "Gabon",
      "COUNTRYCODE": "GA"
    },
    {
      "DESTINATION": "Banjul",
      "CITYID": 110991,
      "COUNTRY": "Gambia",
      "COUNTRYCODE": "GM"
    },
    {
      "DESTINATION": "Accra",
      "CITYID": 100768,
      "COUNTRY": "Ghana",
      "COUNTRYCODE": "GH"
    },
    {
      "DESTINATION": "Tamale",
      "CITYID": 148946,
      "COUNTRY": "Ghana",
      "COUNTRYCODE": "GH"
    },
    {
      "DESTINATION": "Kumasi",
      "CITYID": 146049,
      "COUNTRY": "Ghana",
      "COUNTRYCODE": "GH"
    },
    {
      "DESTINATION": "Bissau",
      "CITYID": 111318,
      "COUNTRY": "Guinea-Bissau",
      "COUNTRYCODE": "GW"
    },
    {
      "DESTINATION": "Nairobi",
      "CITYID": 130102,
      "COUNTRY": "Kenya",
      "COUNTRYCODE": "KE"
    },
    {
      "DESTINATION": "Eldoret",
      "CITYID": 116991,
      "COUNTRY": "Kenya",
      "COUNTRYCODE": "KE"
    },
    {
      "DESTINATION": "Mombasa",
      "CITYID": 127149,
      "COUNTRY": "Kenya",
      "COUNTRYCODE": "KE"
    },
    {
      "DESTINATION": "Kisumu",
      "CITYID": 123583,
      "COUNTRY": "Kenya",
      "COUNTRYCODE": "KE"
    },
    {
      "DESTINATION": "Maseru",
      "CITYID": 126893,
      "COUNTRY": "Lesotho",
      "COUNTRYCODE": "LS"
    },
    {
      "DESTINATION": "Tripoli",
      "CITYID": 140649,
      "COUNTRY": "Libya",
      "COUNTRYCODE": "LY"
    },
    {
      "DESTINATION": "Sabha",
      "CITYID": 135801,
      "COUNTRY": "Libya",
      "COUNTRYCODE": "LY"
    },
    {
      "DESTINATION": "Benghazi",
      "CITYID": 149025,
      "COUNTRY": "Libya",
      "COUNTRYCODE": "LY"
    },
    {
      "DESTINATION": "Misurata",
      "CITYID": 149022,
      "COUNTRY": "Libya",
      "COUNTRYCODE": "LY"
    },
    {
      "DESTINATION": "Antananarivo",
      "CITYID": 101026,
      "COUNTRY": "Madagascar",
      "COUNTRYCODE": "MG"
    },
    {
      "DESTINATION": "Nosy Be",
      "CITYID": 130028,
      "COUNTRY": "Madagascar",
      "COUNTRYCODE": "MG"
    },
    {
      "DESTINATION": "Sambava",
      "CITYID": 149077,
      "COUNTRY": "Madagascar",
      "COUNTRYCODE": "MG"
    },
    {
      "DESTINATION": "Lilongwe",
      "CITYID": 125853,
      "COUNTRY": "Malawi",
      "COUNTRYCODE": "MW"
    },
    {
      "DESTINATION": "Bamako",
      "CITYID": 110683,
      "COUNTRY": "Mali",
      "COUNTRYCODE": "ML"
    },
    {
      "DESTINATION": "Nouakchott",
      "CITYID": 130034,
      "COUNTRY": "Mauritania",
      "COUNTRYCODE": "MR"
    },
    {
      "DESTINATION": "Maputo",
      "CITYID": 146478,
      "COUNTRY": "Mozambique",
      "COUNTRYCODE": "MZ"
    },
    {
      "DESTINATION": "Windhoek",
      "CITYID": 143746,
      "COUNTRY": "Namibia",
      "COUNTRYCODE": "NA"
    },
    {
      "DESTINATION": "Walvis Bay",
      "CITYID": 142249,
      "COUNTRY": "Namibia",
      "COUNTRYCODE": "NA"
    },
    {
      "DESTINATION": "Niamey",
      "CITYID": 129453,
      "COUNTRY": "Niger",
      "COUNTRYCODE": "NE"
    },
    {
      "DESTINATION": "Enugu",
      "CITYID": 114271,
      "COUNTRY": "Nigeria",
      "COUNTRYCODE": "NG"
    },
    {
      "DESTINATION": "Abuja",
      "CITYID": 100225,
      "COUNTRY": "Nigeria",
      "COUNTRYCODE": "NG"
    },
    {
      "DESTINATION": "Lagos",
      "CITYID": 125053,
      "COUNTRY": "Nigeria",
      "COUNTRYCODE": "NG"
    },
    {
      "DESTINATION": "Kigali",
      "CITYID": 149507,
      "COUNTRY": "Rwanda",
      "COUNTRYCODE": "RW"
    },
    {
      "DESTINATION": "Mahe",
      "CITYID": 126767,
      "COUNTRY": "Seychelles",
      "COUNTRYCODE": "SC"
    },
    {
      "DESTINATION": "Juba",
      "CITYID": 145844,
      "COUNTRY": "Sudan",
      "COUNTRYCODE": "SD"
    },
    {
      "DESTINATION": "Khartoum",
      "CITYID": 124230,
      "COUNTRY": "Sudan",
      "COUNTRYCODE": "SD"
    },
    {
      "DESTINATION": "Port Sudan",
      "CITYID": 147297,
      "COUNTRY": "Sudan",
      "COUNTRYCODE": "SD"
    },
    {
      "DESTINATION": "Dar-es-Salaam",
      "CITYID": 116626,
      "COUNTRY": "Tanzania",
      "COUNTRYCODE": "TZ"
    },
    {
      "DESTINATION": "Kilimanjaro",
      "CITYID": 123681,
      "COUNTRY": "Tanzania",
      "COUNTRYCODE": "TZ"
    },
    {
      "DESTINATION": "Zanzibar City",
      "CITYID": 143346,
      "COUNTRY": "Tanzania",
      "COUNTRYCODE": "TZ"
    },
    {
      "DESTINATION": "Entebbe",
      "CITYID": 117239,
      "COUNTRY": "Uganda",
      "COUNTRYCODE": "UG"
    },
    {
      "DESTINATION": "Harare",
      "CITYID": 119964,
      "COUNTRY": "Zimbabwe",
      "COUNTRYCODE": "ZW"
    },
    {
      "DESTINATION": "Victoria Falls",
      "CITYID": 141497,
      "COUNTRY": "Zimbabwe",
      "COUNTRYCODE": "ZW"
    },
    {
      "DESTINATION": "Bulawayo",
      "CITYID": 112606,
      "COUNTRY": "Zimbabwe",
      "COUNTRYCODE": "ZW"
    },
    {
      "DESTINATION": "Petersburg",
      "CITYID": 134135,
      "COUNTRY": "Russia",
      "COUNTRYCODE": "RU"
    },
    {
      "DESTINATION": "Ufa , Bashkortostan",
      "CITYID": 148364,
      "COUNTRY": "Russia",
      "COUNTRYCODE": "RU"
    },
    {
      "DESTINATION": "Krasnodar",
      "CITYID": 124974,
      "COUNTRY": "Russia",
      "COUNTRYCODE": "RU"
    },
    {
      "DESTINATION": "Klotzsche, Dresden",
      "CITYID": 115932,
      "COUNTRY": "Germany",
      "COUNTRYCODE": "DE"
    },
    {
      "DESTINATION": "Stuttgart , Baden-Wrttemberg",
      "CITYID": 138951,
      "COUNTRY": "Germany",
      "COUNTRYCODE": "DE"
    },
    {
      "DESTINATION": "Hannover",
      "CITYID": 120761,
      "COUNTRY": "Germany",
      "COUNTRYCODE": "DE"
    },
    {
      "DESTINATION": "Berlin",
      "CITYID": 111539,
      "COUNTRY": "Germany",
      "COUNTRYCODE": "DE"
    },
    {
      "DESTINATION": "Hamburg",
      "CITYID": 120596,
      "COUNTRY": "Germany",
      "COUNTRYCODE": "DE"
    },
    {
      "DESTINATION": "Cologne",
      "CITYID": 144743,
      "COUNTRY": "Germany",
      "COUNTRYCODE": "DE"
    },
    {
      "DESTINATION": "Nuremberg, Bavaria",
      "CITYID": 150795,
      "COUNTRY": "Germany",
      "COUNTRYCODE": "DE"
    },
    {
      "DESTINATION": "Stansted Mountfitchet, Central London",
      "CITYID": 138885,
      "COUNTRY": "United Kingdom",
      "COUNTRYCODE": "GB"
    },
    {
      "DESTINATION": "Luton, Bedfordshire",
      "CITYID": 126236,
      "COUNTRY": "United Kingdom",
      "COUNTRYCODE": "GB"
    },
    {
      "DESTINATION": "Ringway, Manchester",
      "CITYID": 126798,
      "COUNTRY": "United Kingdom",
      "COUNTRYCODE": "GB"
    },
    {
      "DESTINATION": "Edinburgh",
      "CITYID": 116967,
      "COUNTRY": "United Kingdom",
      "COUNTRYCODE": "GB"
    },
    {
      "DESTINATION": "Birmingham",
      "CITYID": 112624,
      "COUNTRY": "United Kingdom",
      "COUNTRYCODE": "GB"
    },
    {
      "DESTINATION": "Belfast, Northern Ireland",
      "CITYID": 110479,
      "COUNTRY": "United Kingdom",
      "COUNTRYCODE": "GB"
    },
    {
      "DESTINATION": "Nice,  Alpes-Maritimes ",
      "CITYID": 151798,
      "COUNTRY": "France",
      "COUNTRYCODE": "FR"
    },
    {
      "DESTINATION": "Marseille",
      "CITYID": 126878,
      "COUNTRY": "France",
      "COUNTRYCODE": "FR"
    },
    {
      "DESTINATION": "Lyon",
      "CITYID": 126089,
      "COUNTRY": "France",
      "COUNTRYCODE": "FR"
    },
    {
      "DESTINATION": "Toulouse",
      "CITYID": 140797,
      "COUNTRY": "France",
      "COUNTRYCODE": "FR"
    },
    {
      "DESTINATION": "Bordeaux",
      "CITYID": 144318,
      "COUNTRY": "France",
      "COUNTRYCODE": "FR"
    },
    {
      "DESTINATION": "Venice",
      "CITYID": 148463,
      "COUNTRY": "Italy",
      "COUNTRYCODE": "IT"
    },
    {
      "DESTINATION": "Bologna",
      "CITYID": 112298,
      "COUNTRY": "Italy",
      "COUNTRYCODE": "IT"
    },
    {
      "DESTINATION": "Naples",
      "CITYID": 128721,
      "COUNTRY": "Italy",
      "COUNTRYCODE": "IT"
    },
    {
      "DESTINATION": "Milan",
      "CITYID": 127769,
      "COUNTRY": "Italy",
      "COUNTRYCODE": "IT"
    },
    {
      "DESTINATION": "Palma, Mallorca",
      "CITYID": 147078,
      "COUNTRY": "Spain",
      "COUNTRYCODE": "ES"
    },
    {
      "DESTINATION": "Costa del Sol, Mlaga",
      "CITYID": 101360,
      "COUNTRY": "Spain",
      "COUNTRYCODE": "ES"
    },
    {
      "DESTINATION": "Gran Canaria ",
      "CITYID": 119848,
      "COUNTRY": "Spain",
      "COUNTRYCODE": "ES"
    },
    {
      "DESTINATION": "Warsaw",
      "CITYID": 148614,
      "COUNTRY": "Poland",
      "COUNTRYCODE": "PL"
    },
    {
      "DESTINATION": "Bucharest",
      "CITYID": 113200,
      "COUNTRY": "Romania",
      "COUNTRYCODE": "RO"
    },
    {
      "DESTINATION": "Cluj-Napoca",
      "CITYID": 114321,
      "COUNTRY": "Romania",
      "COUNTRYCODE": "RO"
    },
    {
      "DESTINATION": "Eindhoven",
      "CITYID": 116977,
      "COUNTRY": "Netherlands",
      "COUNTRYCODE": "NL"
    },
    {
      "DESTINATION": "Rotterdam",
      "CITYID": 134992,
      "COUNTRY": "Netherlands",
      "COUNTRYCODE": "NL"
    },
    {
      "DESTINATION": "Beek, Limburg",
      "CITYID": 110834,
      "COUNTRY": "Netherlands",
      "COUNTRYCODE": "NL"
    },
    {
      "DESTINATION": "Brussels",
      "CITYID": 113060,
      "COUNTRY": "Belgium",
      "COUNTRYCODE": "BE"
    },
    {
      "DESTINATION": "Ostend",
      "CITYID": 130823,
      "COUNTRY": "Belgium",
      "COUNTRYCODE": "BE"
    },
    {
      "DESTINATION": "Liege",
      "CITYID": 126551,
      "COUNTRY": "Belgium",
      "COUNTRYCODE": "BE"
    },
    {
      "DESTINATION": "Sigtuna Municipality",
      "CITYID": 137764,
      "COUNTRY": "Sweden",
      "COUNTRYCODE": "SE"
    },
    {
      "DESTINATION": "Gothenburg",
      "CITYID": 151094,
      "COUNTRY": "Sweden",
      "COUNTRYCODE": "SE"
    },
    {
      "DESTINATION": "Stockholm",
      "CITYID": 137827,
      "COUNTRY": "Sweden",
      "COUNTRYCODE": "SE"
    },
    {
      "DESTINATION": "Prague",
      "CITYID": 131864,
      "COUNTRY": "Czech Republic",
      "COUNTRYCODE": "CZ"
    },
    {
      "DESTINATION": "Brno",
      "CITYID": 151349,
      "COUNTRY": "Czech Republic",
      "COUNTRYCODE": "CZ"
    },
    {
      "DESTINATION": "Pardubice",
      "CITYID": 131757,
      "COUNTRY": "Czech Republic",
      "COUNTRYCODE": "CZ"
    },
    {
      "DESTINATION": "Karlovy Vary, Bohemia",
      "CITYID": 150603,
      "COUNTRY": "Czech Republic",
      "COUNTRYCODE": "CZ"
    },
    {
      "DESTINATION": "Ostrava",
      "CITYID": 130826,
      "COUNTRY": "Czech Republic",
      "COUNTRYCODE": "CZ"
    },
    {
      "DESTINATION": "Crete",
      "CITYID": 123328,
      "COUNTRY": "Greece",
      "COUNTRYCODE": "GR"
    },
    {
      "DESTINATION": "Thessaloniki",
      "CITYID": 141027,
      "COUNTRY": "Greece",
      "COUNTRYCODE": "GR"
    },
    {
      "DESTINATION": "Rhodes",
      "CITYID": 147505,
      "COUNTRY": "Greece",
      "COUNTRYCODE": "GR"
    },
    {
      "DESTINATION": "Corfu",
      "CITYID": 115559,
      "COUNTRY": "Greece",
      "COUNTRYCODE": "GR"
    },
    {
      "DESTINATION": "Lisbon",
      "CITYID": 146305,
      "COUNTRY": "Portugal",
      "COUNTRYCODE": "PT"
    },
    {
      "DESTINATION": "Porto",
      "CITYID": 131849,
      "COUNTRY": "Portugal",
      "COUNTRYCODE": "PT"
    },
    {
      "DESTINATION": "Faro",
      "CITYID": 118247,
      "COUNTRY": "Portugal",
      "COUNTRYCODE": "PT"
    },
    {
      "DESTINATION": "Budapest",
      "CITYID": 113068,
      "COUNTRY": "Hungary",
      "COUNTRYCODE": "HU"
    },
    {
      "DESTINATION": "Debrecen",
      "CITYID": 144885,
      "COUNTRY": "Hungary",
      "COUNTRYCODE": "HU"
    },
    {
      "DESTINATION": "Minsk",
      "CITYID": 128604,
      "COUNTRY": "Belarus",
      "COUNTRYCODE": "BY"
    },
    {
      "DESTINATION": "Brest",
      "CITYID": 112726,
      "COUNTRY": "Belarus",
      "COUNTRYCODE": "BY"
    },
    {
      "DESTINATION": "Gomel",
      "CITYID": 120361,
      "COUNTRY": "Belarus",
      "COUNTRYCODE": "BY"
    },
    {
      "DESTINATION": "Grodna",
      "CITYID": 149673,
      "COUNTRY": "Belarus",
      "COUNTRYCODE": "BY"
    },
    {
      "DESTINATION": "Mogilev",
      "CITYID": 149743,
      "COUNTRY": "Belarus",
      "COUNTRYCODE": "BY"
    },
    {
      "DESTINATION": "Salzburg",
      "CITYID": 136456,
      "COUNTRY": "Austria",
      "COUNTRYCODE": "AT"
    },
    {
      "DESTINATION": "Graz",
      "CITYID": 119858,
      "COUNTRY": "Austria",
      "COUNTRYCODE": "AT"
    },
    {
      "DESTINATION": "Innsbruck",
      "CITYID": 122691,
      "COUNTRY": "Austria",
      "COUNTRYCODE": "AT"
    },
    {
      "DESTINATION": "Linz",
      "CITYID": 125863,
      "COUNTRY": "Austria",
      "COUNTRYCODE": "AT"
    },
    {
      "DESTINATION": "Klagenfurt",
      "CITYID": 123707,
      "COUNTRY": "Austria",
      "COUNTRYCODE": "AT"
    },
    {
      "DESTINATION": "Basel",
      "CITYID": 111155,
      "COUNTRY": "Switzerland",
      "COUNTRYCODE": "CH"
    },
    {
      "DESTINATION": "Altenrhein",
      "CITYID": 150945,
      "COUNTRY": "Switzerland",
      "COUNTRYCODE": "CH"
    },
    {
      "DESTINATION": "Lugano",
      "CITYID": 126066,
      "COUNTRY": "Switzerland",
      "COUNTRYCODE": "CH"
    },
    {
      "DESTINATION": "Bern",
      "CITYID": 111912,
      "COUNTRY": "Switzerland",
      "COUNTRYCODE": "CH"
    },
    {
      "DESTINATION": "Belgrade",
      "CITYID": 151816,
      "COUNTRY": "Serbia",
      "COUNTRYCODE": "RS"
    },
    {
      "DESTINATION": "Sofia",
      "CITYID": 138465,
      "COUNTRY": "Bulgaria",
      "COUNTRYCODE": "BG"
    },
    {
      "DESTINATION": "Burgas",
      "CITYID": 112067,
      "COUNTRY": "Bulgaria",
      "COUNTRYCODE": "BG"
    },
    {
      "DESTINATION": "Varna",
      "CITYID": 148434,
      "COUNTRY": "Bulgaria",
      "COUNTRYCODE": "BG"
    },
    {
      "DESTINATION": "Plovdiv",
      "CITYID": 132867,
      "COUNTRY": "Bulgaria",
      "COUNTRYCODE": "BG"
    },
    {
      "DESTINATION": "Billund",
      "CITYID": 111707,
      "COUNTRY": "Denmark",
      "COUNTRYCODE": "DK"
    },
    {
      "DESTINATION": "Aarhus",
      "CITYID": 100432,
      "COUNTRY": "Denmark",
      "COUNTRYCODE": "DK"
    },
    {
      "DESTINATION": "Aalborg",
      "CITYID": 100007,
      "COUNTRY": "Denmark",
      "COUNTRYCODE": "DK"
    },
    {
      "DESTINATION": "Bratislava",
      "CITYID": 112540,
      "COUNTRY": "Slovakia",
      "COUNTRYCODE": "SK"
    },
    {
      "DESTINATION": "Oulu",
      "CITYID": 130728,
      "COUNTRY": "Finland",
      "COUNTRYCODE": "FI"
    },
    {
      "DESTINATION": "Rovaniemi",
      "CITYID": 134087,
      "COUNTRY": "Finland",
      "COUNTRYCODE": "FI"
    },
    {
      "DESTINATION": "Kittila",
      "CITYID": 145970,
      "COUNTRY": "Finland",
      "COUNTRYCODE": "FI"
    },
    {
      "DESTINATION": "Vaasa",
      "CITYID": 140147,
      "COUNTRY": "Finland",
      "COUNTRYCODE": "FI"
    },
    {
      "DESTINATION": "Flesland, Bergen",
      "CITYID": 111457,
      "COUNTRY": "Norway",
      "COUNTRYCODE": "NO"
    },
    {
      "DESTINATION": "Trondheim ",
      "CITYID": 140381,
      "COUNTRY": "Norway",
      "COUNTRYCODE": "NO"
    },
    {
      "DESTINATION": "Dublin",
      "CITYID": 144983,
      "COUNTRY": "Ireland",
      "COUNTRYCODE": "IE"
    },
    {
      "DESTINATION": "Cork City",
      "CITYID": 115293,
      "COUNTRY": "Ireland",
      "COUNTRYCODE": "IE"
    },
    {
      "DESTINATION": "Shannon, County Clare",
      "CITYID": 137567,
      "COUNTRY": "Ireland",
      "COUNTRYCODE": "IE"
    },
    {
      "DESTINATION": "Kerry",
      "CITYID": 123253,
      "COUNTRY": "Ireland",
      "COUNTRYCODE": "IE"
    },
    {
      "DESTINATION": "Charlestown, County Mayo",
      "CITYID": 114613,
      "COUNTRY": "Ireland",
      "COUNTRYCODE": "IE"
    },
    {
      "DESTINATION": "Zagreb",
      "CITYID": 143525,
      "COUNTRY": "Croatia",
      "COUNTRYCODE": "HR"
    },
    {
      "DESTINATION": "Split",
      "CITYID": 137547,
      "COUNTRY": "Croatia",
      "COUNTRYCODE": "HR"
    },
    {
      "DESTINATION": "Dubrovnik",
      "CITYID": 115939,
      "COUNTRY": "Croatia",
      "COUNTRYCODE": "HR"
    },
    {
      "DESTINATION": "Zadar",
      "CITYID": 143657,
      "COUNTRY": "Croatia",
      "COUNTRYCODE": "HR"
    },
    {
      "DESTINATION": "Sarajevo",
      "CITYID": 137196,
      "COUNTRY": "Bosnia and Herzegovina",
      "COUNTRYCODE": "BA"
    },
    {
      "DESTINATION": "Banja Luka",
      "CITYID": 144093,
      "COUNTRY": "Bosnia and Herzegovina",
      "COUNTRYCODE": "BA"
    },
    {
      "DESTINATION": "Tuzla",
      "CITYID": 140090,
      "COUNTRY": "Bosnia and Herzegovina",
      "COUNTRYCODE": "BA"
    },
    {
      "DESTINATION": "Mostar",
      "CITYID": 129388,
      "COUNTRY": "Bosnia and Herzegovina",
      "COUNTRYCODE": "BA"
    },
    {
      "DESTINATION": "Kukes",
      "CITYID": 105539,
      "COUNTRY": "Albania",
      "COUNTRYCODE": "AL"
    },
    {
      "DESTINATION": "Vilnius",
      "CITYID": 141893,
      "COUNTRY": "Lithuania",
      "COUNTRYCODE": "LT"
    },
    {
      "DESTINATION": "Kaunas",
      "CITYID": 123639,
      "COUNTRY": "Lithuania",
      "COUNTRYCODE": "LT"
    },
    {
      "DESTINATION": "Palanga",
      "CITYID": 132026,
      "COUNTRY": "Lithuania",
      "COUNTRYCODE": "LT"
    },
    {
      "DESTINATION": "Ljubljana",
      "CITYID": 124937,
      "COUNTRY": "Slovenia",
      "COUNTRYCODE": "SI"
    },
    {
      "DESTINATION": "Maribor",
      "CITYID": 127488,
      "COUNTRY": "Slovenia",
      "COUNTRYCODE": "SI"
    },
    {
      "DESTINATION": "Ohrid",
      "CITYID": 130961,
      "COUNTRY": "Macedonia",
      "COUNTRYCODE": "MK"
    },
    {
      "DESTINATION": "Riga",
      "CITYID": 134771,
      "COUNTRY": "Latvia",
      "COUNTRYCODE": "LV"
    },
    {
      "DESTINATION": "South Kurzeme Municipality",
      "CITYID": 125012,
      "COUNTRY": "Latvia",
      "COUNTRYCODE": "LV"
    },
    {
      "DESTINATION": "Ventspils",
      "CITYID": 148467,
      "COUNTRY": "Latvia",
      "COUNTRYCODE": "LV"
    },
    {
      "DESTINATION": "Tallinn",
      "CITYID": 140287,
      "COUNTRY": "Estonia",
      "COUNTRYCODE": "EE"
    },
    {
      "DESTINATION": "Findel",
      "CITYID": 118159,
      "COUNTRY": "Luxembourg",
      "COUNTRYCODE": "LU"
    },
    {
      "DESTINATION": "Tivat",
      "CITYID": 139320,
      "COUNTRY": "Montenegro",
      "COUNTRYCODE": "ME"
    },
    {
      "DESTINATION": "Malta",
      "CITYID": 126792,
      "COUNTRY": "Malta",
      "COUNTRYCODE": "MT"
    },
    {
      "DESTINATION": "London, United Kingdom",
      "CITYID": 126632,
      "COUNTRY": "United Kingdom",
      "COUNTRYCODE": "GB"
    },
    {
      "DESTINATION": "Paris,France",
      "CITYID": 131408,
      "COUNTRY": "France",
      "COUNTRYCODE": "FR"
    },
    {
      "DESTINATION": "Dubai",
      "CITYID": 115936,
      "COUNTRY": "United Arab Emirates",
      "COUNTRYCODE": "AE"
    },
    {
      "DESTINATION": "New York",
      "CITYID": 130452,
      "COUNTRY": "United States",
      "COUNTRYCODE": "US"
    },
    {
      "DESTINATION": "Singapore",
      "CITYID": 138703,
      "COUNTRY": "Singapore",
      "COUNTRYCODE": "SG"
    },
    {
      "DESTINATION": "Bangkok",
      "CITYID": 144092,
      "COUNTRY": "Thailand",
      "COUNTRYCODE": "TH"
    },
    {
      "DESTINATION": "Istanbul",
      "CITYID": 122727,
      "COUNTRY": "Turkey",
      "COUNTRYCODE": "TR"
    },
    {
      "DESTINATION": "Amsterdam",
      "CITYID": 109558,
      "COUNTRY": "Netherlands",
      "COUNTRYCODE": "NL"
    },
    {
      "DESTINATION": "Tokyo",
      "CITYID": 148251,
      "COUNTRY": "Japan",
      "COUNTRYCODE": "JP"
    },
    {
      "DESTINATION": "Seoul",
      "CITYID": 137364,
      "COUNTRY": "South Korea",
      "COUNTRYCODE": "KR"
    },
    {
      "DESTINATION": "Rome ",
      "CITYID": 134622,
      "COUNTRY": "Italy",
      "COUNTRYCODE": "IT"
    },
    {
      "DESTINATION": "Kuala Lumpur",
      "CITYID": 123768,
      "COUNTRY": "Malaysia",
      "COUNTRYCODE": "MY"
    },
    {
      "DESTINATION": "Las Vegas",
      "CITYID": 125099,
      "COUNTRY": "United States",
      "COUNTRYCODE": "US"
    },
    {
      "DESTINATION": "Macau",
      "CITYID": 151142,
      "COUNTRY": "Macau",
      "COUNTRYCODE": "MO"
    },
    {
      "DESTINATION": "Milan",
      "CITYID": 127769,
      "COUNTRY": "Italy",
      "COUNTRYCODE": "IT"
    },
    {
      "DESTINATION": "Sao Paulo",
      "CITYID": 13683,
      "COUNTRY": "Brazil",
      "COUNTRYCODE": "BR"
    },
    {
      "DESTINATION": "Toronto",
      "CITYID": 140333,
      "COUNTRY": "Canada",
      "COUNTRYCODE": "CA"
    },
    {
      "DESTINATION": "Chicago",
      "CITYID": 114653,
      "COUNTRY": "United States",
      "COUNTRYCODE": "US"
    },
    {
      "DESTINATION": "Rio De Janerio",
      "CITYID": 134921,
      "COUNTRY": "Brazil",
      "COUNTRYCODE": "BR"
    },
    {
      "DESTINATION": "Jakarta",
      "CITYID": 122069,
      "COUNTRY": "Indonesia",
      "COUNTRYCODE": "ID"
    },
    {
      "DESTINATION": "Jakarta",
      "CITYID": 122069,
      "COUNTRY": "Indonesia",
      "COUNTRYCODE": "ID"
    },
    {
      "DESTINATION": "Florence",
      "CITYID": 118582,
      "COUNTRY": "Italy",
      "COUNTRYCODE": "IT"
    },
    {
      "DESTINATION": "Hanoi",
      "CITYID": 145535,
      "COUNTRY": "Vietnam",
      "COUNTRYCODE": "VN"
    },
    {
      "DESTINATION": "Cape Town",
      "CITYID": 144527,
      "COUNTRY": "South Africa",
      "COUNTRYCODE": "ZA"
    },
    {
      "DESTINATION": "Johannesburg",
      "CITYID": 145838,
      "COUNTRY": "South Africa",
      "COUNTRYCODE": "ZA"
    },
    {
      "DESTINATION": "Auckland",
      "CITYID": 109654,
      "COUNTRY": "New Zealand",
      "COUNTRYCODE": "NZ"
    },
    {
      "DESTINATION": "Christchurch",
      "CITYID": 144687,
      "COUNTRY": "New Zealand",
      "COUNTRYCODE": "NZ"
    },
    {
      "DESTINATION": "Queenstown",
      "CITYID": 133654,
      "COUNTRY": "New Zealand",
      "COUNTRYCODE": "NZ"
    },
    {
      "DESTINATION": "Wellington",
      "CITYID": 142120,
      "COUNTRY": "New Zealand",
      "COUNTRYCODE": "NZ"
    },
    {
      "DESTINATION": "Krabi",
      "CITYID": 124015,
      "COUNTRY": "Thailand",
      "COUNTRYCODE": "TH"
    },
    {
      "DESTINATION": "Washington",
      "CITYID": 144989,
      "COUNTRY": "United States",
      "COUNTRYCODE": "US"
    },
    {
      "DESTINATION": "Baltimore, Washington",
      "CITYID": 111115,
      "COUNTRY": "United States",
      "STATEPROVINCECODE": "MD",
      "STATEPROVINCE": "Maryland",
      "COUNTRYCODE": "US"
    },
    {
      "DESTINATION": "Boston",
      "CITYID": 112246,
      "COUNTRY": "United States",
      "COUNTRYCODE": "US"
    },
    {
      "DESTINATION": "Bucharest",
      "CITYID": 113200,
      "COUNTRY": "Romania",
      "COUNTRYCODE": "RO"
    },
    {
      "DESTINATION": "Durban",
      "CITYID": 115957,
      "COUNTRY": "South Africa",
      "COUNTRYCODE": "ZA"
    },
    {
      "DESTINATION": "Durban",
      "CITYID": 115957,
      "COUNTRY": "South Africa",
      "COUNTRYCODE": "ZA"
    }
  ]